/Users/odysseas/Desktop/THEODORE-Andreas/images,image_000000.png,/Users/odysseas/Desktop/THEODORE-Andreas/labels,image_000000.txt
/Users/odysseas/Desktop/THEODORE-Andreas/images,image_000001.png,/Users/odysseas/Desktop/THEODORE-Andreas/labels,image_000001.txt
/Users/odysseas/Desktop/THEODORE-Andreas/images,image_000002.png,/Users/odysseas/Desktop/THEODORE-Andreas/labels,image_000002.txt
/Users/odysseas/Desktop/THEODORE-Andreas/images,image_000003.png,/Users/odysseas/Desktop/THEODORE-Andreas/labels,image_000003.txt
/Users/odysseas/Desktop/THEODORE-Andreas/images,image_000004.png,/Users/odysseas/Desktop/THEODORE-Andreas/labels,image_000004.txt
/Users/odysseas/Desktop/THEODORE-Andreas/images,image_000005.png,/Users/odysseas/Desktop/THEODORE-Andreas/labels,image_000005.txt
/Users/odysseas/Desktop/THEODORE-Andreas/images,image_000006.png,/Users/odysseas/Desktop/THEODORE-Andreas/labels,image_000006.txt
/Users/odysseas/Desktop/THEODORE-Andreas/images,image_000007.png,/Users/odysseas/Desktop/THEODORE-Andreas/labels,image_000007.txt
/Users/odysseas/Desktop/THEODORE-Andreas/images,image_000008.png,/Users/odysseas/Desktop/THEODORE-Andreas/labels,image_000008.txt
/Users/odysseas/Desktop/THEODORE-Andreas/images,image_000009.png,/Users/odysseas/Desktop/THEODORE-Andreas/labels,image_000009.txt
/Users/odysseas/Desktop/THEODORE-Andreas/images,image_000010.png,/Users/odysseas/Desktop/THEODORE-Andreas/labels,image_000010.txt
/Users/odysseas/Desktop/THEODORE-Andreas/images,image_000011.png,/Users/odysseas/Desktop/THEODORE-Andreas/labels,image_000011.txt
/Users/odysseas/Desktop/THEODORE-Andreas/images,image_000012.png,/Users/odysseas/Desktop/THEODORE-Andreas/labels,image_000012.txt
/Users/odysseas/Desktop/THEODORE-Andreas/images,image_000013.png,/Users/odysseas/Desktop/THEODORE-Andreas/labels,image_000013.txt
/Users/odysseas/Desktop/THEODORE-Andreas/images,image_000014.png,/Users/odysseas/Desktop/THEODORE-Andreas/labels,image_000014.txt
/Users/odysseas/Desktop/THEODORE-Andreas/images,image_000015.png,/Users/odysseas/Desktop/THEODORE-Andreas/labels,image_000015.txt
/Users/odysseas/Desktop/THEODORE-Andreas/images,image_000016.png,/Users/odysseas/Desktop/THEODORE-Andreas/labels,image_000016.txt
/Users/odysseas/Desktop/THEODORE-Andreas/images,image_000017.png,/Users/odysseas/Desktop/THEODORE-Andreas/labels,image_000017.txt
/Users/odysseas/Desktop/THEODORE-Andreas/images,image_000018.png,/Users/odysseas/Desktop/THEODORE-Andreas/labels,image_000018.txt
/Users/odysseas/Desktop/THEODORE-Andreas/images,image_000019.png,/Users/odysseas/Desktop/THEODORE-Andreas/labels,image_000019.txt
/Users/odysseas/Desktop/THEODORE-Andreas/images,image_000020.png,/Users/odysseas/Desktop/THEODORE-Andreas/labels,image_000020.txt
/Users/odysseas/Desktop/THEODORE-Andreas/images,image_000021.png,/Users/odysseas/Desktop/THEODORE-Andreas/labels,image_000021.txt
/Users/odysseas/Desktop/THEODORE-Andreas/images,image_000022.png,/Users/odysseas/Desktop/THEODORE-Andreas/labels,image_000022.txt
/Users/odysseas/Desktop/THEODORE-Andreas/images,image_000023.png,/Users/odysseas/Desktop/THEODORE-Andreas/labels,image_000023.txt
/Users/odysseas/Desktop/THEODORE-Andreas/images,image_000024.png,/Users/odysseas/Desktop/THEODORE-Andreas/labels,image_000024.txt
/Users/odysseas/Desktop/THEODORE-Andreas/images,image_000025.png,/Users/odysseas/Desktop/THEODORE-Andreas/labels,image_000025.txt
/Users/odysseas/Desktop/THEODORE-Andreas/images,image_000026.png,/Users/odysseas/Desktop/THEODORE-Andreas/labels,image_000026.txt
/Users/odysseas/Desktop/THEODORE-Andreas/images,image_000027.png,/Users/odysseas/Desktop/THEODORE-Andreas/labels,image_000027.txt
/Users/odysseas/Desktop/THEODORE-Andreas/images,image_000028.png,/Users/odysseas/Desktop/THEODORE-Andreas/labels,image_000028.txt
/Users/odysseas/Desktop/THEODORE-Andreas/images,image_000029.png,/Users/odysseas/Desktop/THEODORE-Andreas/labels,image_000029.txt
/Users/odysseas/Desktop/THEODORE-Andreas/images,image_000030.png,/Users/odysseas/Desktop/THEODORE-Andreas/labels,image_000030.txt
/Users/odysseas/Desktop/THEODORE-Andreas/images,image_000031.png,/Users/odysseas/Desktop/THEODORE-Andreas/labels,image_000031.txt
/Users/odysseas/Desktop/THEODORE-Andreas/images,image_000032.png,/Users/odysseas/Desktop/THEODORE-Andreas/labels,image_000032.txt
/Users/odysseas/Desktop/THEODORE-Andreas/images,image_000033.png,/Users/odysseas/Desktop/THEODORE-Andreas/labels,image_000033.txt
/Users/odysseas/Desktop/THEODORE-Andreas/images,image_000034.png,/Users/odysseas/Desktop/THEODORE-Andreas/labels,image_000034.txt
/Users/odysseas/Desktop/THEODORE-Andreas/images,image_000035.png,/Users/odysseas/Desktop/THEODORE-Andreas/labels,image_000035.txt
/Users/odysseas/Desktop/THEODORE-Andreas/images,image_000036.png,/Users/odysseas/Desktop/THEODORE-Andreas/labels,image_000036.txt
/Users/odysseas/Desktop/THEODORE-Andreas/images,image_000037.png,/Users/odysseas/Desktop/THEODORE-Andreas/labels,image_000037.txt
/Users/odysseas/Desktop/THEODORE-Andreas/images,image_000038.png,/Users/odysseas/Desktop/THEODORE-Andreas/labels,image_000038.txt
/Users/odysseas/Desktop/THEODORE-Andreas/images,image_000039.png,/Users/odysseas/Desktop/THEODORE-Andreas/labels,image_000039.txt
/Users/odysseas/Desktop/THEODORE-Andreas/images,image_000040.png,/Users/odysseas/Desktop/THEODORE-Andreas/labels,image_000040.txt
/Users/odysseas/Desktop/THEODORE-Andreas/images,image_000041.png,/Users/odysseas/Desktop/THEODORE-Andreas/labels,image_000041.txt
/Users/odysseas/Desktop/THEODORE-Andreas/images,image_000042.png,/Users/odysseas/Desktop/THEODORE-Andreas/labels,image_000042.txt
/Users/odysseas/Desktop/THEODORE-Andreas/images,image_000043.png,/Users/odysseas/Desktop/THEODORE-Andreas/labels,image_000043.txt
/Users/odysseas/Desktop/THEODORE-Andreas/images,image_000044.png,/Users/odysseas/Desktop/THEODORE-Andreas/labels,image_000044.txt
/Users/odysseas/Desktop/THEODORE-Andreas/images,image_000045.png,/Users/odysseas/Desktop/THEODORE-Andreas/labels,image_000045.txt
/Users/odysseas/Desktop/THEODORE-Andreas/images,image_000046.png,/Users/odysseas/Desktop/THEODORE-Andreas/labels,image_000046.txt
/Users/odysseas/Desktop/THEODORE-Andreas/images,image_000047.png,/Users/odysseas/Desktop/THEODORE-Andreas/labels,image_000047.txt
/Users/odysseas/Desktop/THEODORE-Andreas/images,image_000048.png,/Users/odysseas/Desktop/THEODORE-Andreas/labels,image_000048.txt
/Users/odysseas/Desktop/THEODORE-Andreas/images,image_000049.png,/Users/odysseas/Desktop/THEODORE-Andreas/labels,image_000049.txt
/Users/odysseas/Desktop/THEODORE-Andreas/images,image_000050.png,/Users/odysseas/Desktop/THEODORE-Andreas/labels,image_000050.txt
/Users/odysseas/Desktop/THEODORE-Andreas/images,image_000051.png,/Users/odysseas/Desktop/THEODORE-Andreas/labels,image_000051.txt
/Users/odysseas/Desktop/THEODORE-Andreas/images,image_000052.png,/Users/odysseas/Desktop/THEODORE-Andreas/labels,image_000052.txt
/Users/odysseas/Desktop/THEODORE-Andreas/images,image_000053.png,/Users/odysseas/Desktop/THEODORE-Andreas/labels,image_000053.txt
/Users/odysseas/Desktop/THEODORE-Andreas/images,image_000054.png,/Users/odysseas/Desktop/THEODORE-Andreas/labels,image_000054.txt
/Users/odysseas/Desktop/THEODORE-Andreas/images,image_000055.png,/Users/odysseas/Desktop/THEODORE-Andreas/labels,image_000055.txt
/Users/odysseas/Desktop/THEODORE-Andreas/images,image_000056.png,/Users/odysseas/Desktop/THEODORE-Andreas/labels,image_000056.txt
/Users/odysseas/Desktop/THEODORE-Andreas/images,image_000057.png,/Users/odysseas/Desktop/THEODORE-Andreas/labels,image_000057.txt
/Users/odysseas/Desktop/THEODORE-Andreas/images,image_000058.png,/Users/odysseas/Desktop/THEODORE-Andreas/labels,image_000058.txt
/Users/odysseas/Desktop/THEODORE-Andreas/images,image_000059.png,/Users/odysseas/Desktop/THEODORE-Andreas/labels,image_000059.txt
/Users/odysseas/Desktop/THEODORE-Andreas/images,image_000060.png,/Users/odysseas/Desktop/THEODORE-Andreas/labels,image_000060.txt
/Users/odysseas/Desktop/THEODORE-Andreas/images,image_000061.png,/Users/odysseas/Desktop/THEODORE-Andreas/labels,image_000061.txt
/Users/odysseas/Desktop/THEODORE-Andreas/images,image_000062.png,/Users/odysseas/Desktop/THEODORE-Andreas/labels,image_000062.txt
/Users/odysseas/Desktop/THEODORE-Andreas/images,image_000063.png,/Users/odysseas/Desktop/THEODORE-Andreas/labels,image_000063.txt
/Users/odysseas/Desktop/THEODORE-Andreas/images,image_000064.png,/Users/odysseas/Desktop/THEODORE-Andreas/labels,image_000064.txt
/Users/odysseas/Desktop/THEODORE-Andreas/images,image_000065.png,/Users/odysseas/Desktop/THEODORE-Andreas/labels,image_000065.txt
/Users/odysseas/Desktop/THEODORE-Andreas/images,image_000066.png,/Users/odysseas/Desktop/THEODORE-Andreas/labels,image_000066.txt
/Users/odysseas/Desktop/THEODORE-Andreas/images,image_000067.png,/Users/odysseas/Desktop/THEODORE-Andreas/labels,image_000067.txt
/Users/odysseas/Desktop/THEODORE-Andreas/images,image_000068.png,/Users/odysseas/Desktop/THEODORE-Andreas/labels,image_000068.txt
/Users/odysseas/Desktop/THEODORE-Andreas/images,image_000069.png,/Users/odysseas/Desktop/THEODORE-Andreas/labels,image_000069.txt
/Users/odysseas/Desktop/THEODORE-Andreas/images,image_000070.png,/Users/odysseas/Desktop/THEODORE-Andreas/labels,image_000070.txt
/Users/odysseas/Desktop/THEODORE-Andreas/images,image_000071.png,/Users/odysseas/Desktop/THEODORE-Andreas/labels,image_000071.txt
/Users/odysseas/Desktop/THEODORE-Andreas/images,image_000072.png,/Users/odysseas/Desktop/THEODORE-Andreas/labels,image_000072.txt
/Users/odysseas/Desktop/THEODORE-Andreas/images,image_000073.png,/Users/odysseas/Desktop/THEODORE-Andreas/labels,image_000073.txt
/Users/odysseas/Desktop/THEODORE-Andreas/images,image_000074.png,/Users/odysseas/Desktop/THEODORE-Andreas/labels,image_000074.txt
/Users/odysseas/Desktop/THEODORE-Andreas/images,image_000075.png,/Users/odysseas/Desktop/THEODORE-Andreas/labels,image_000075.txt
/Users/odysseas/Desktop/THEODORE-Andreas/images,image_000076.png,/Users/odysseas/Desktop/THEODORE-Andreas/labels,image_000076.txt
/Users/odysseas/Desktop/THEODORE-Andreas/images,image_000077.png,/Users/odysseas/Desktop/THEODORE-Andreas/labels,image_000077.txt
/Users/odysseas/Desktop/THEODORE-Andreas/images,image_000078.png,/Users/odysseas/Desktop/THEODORE-Andreas/labels,image_000078.txt
/Users/odysseas/Desktop/THEODORE-Andreas/images,image_000079.png,/Users/odysseas/Desktop/THEODORE-Andreas/labels,image_000079.txt
/Users/odysseas/Desktop/THEODORE-Andreas/images,image_000080.png,/Users/odysseas/Desktop/THEODORE-Andreas/labels,image_000080.txt
/Users/odysseas/Desktop/THEODORE-Andreas/images,image_000081.png,/Users/odysseas/Desktop/THEODORE-Andreas/labels,image_000081.txt
/Users/odysseas/Desktop/THEODORE-Andreas/images,image_000082.png,/Users/odysseas/Desktop/THEODORE-Andreas/labels,image_000082.txt
/Users/odysseas/Desktop/THEODORE-Andreas/images,image_000083.png,/Users/odysseas/Desktop/THEODORE-Andreas/labels,image_000083.txt
/Users/odysseas/Desktop/THEODORE-Andreas/images,image_000084.png,/Users/odysseas/Desktop/THEODORE-Andreas/labels,image_000084.txt
/Users/odysseas/Desktop/THEODORE-Andreas/images,image_000085.png,/Users/odysseas/Desktop/THEODORE-Andreas/labels,image_000085.txt
/Users/odysseas/Desktop/THEODORE-Andreas/images,image_000086.png,/Users/odysseas/Desktop/THEODORE-Andreas/labels,image_000086.txt
/Users/odysseas/Desktop/THEODORE-Andreas/images,image_000087.png,/Users/odysseas/Desktop/THEODORE-Andreas/labels,image_000087.txt
/Users/odysseas/Desktop/THEODORE-Andreas/images,image_000088.png,/Users/odysseas/Desktop/THEODORE-Andreas/labels,image_000088.txt
/Users/odysseas/Desktop/THEODORE-Andreas/images,image_000089.png,/Users/odysseas/Desktop/THEODORE-Andreas/labels,image_000089.txt
/Users/odysseas/Desktop/THEODORE-Andreas/images,image_000090.png,/Users/odysseas/Desktop/THEODORE-Andreas/labels,image_000090.txt
/Users/odysseas/Desktop/THEODORE-Andreas/images,image_000091.png,/Users/odysseas/Desktop/THEODORE-Andreas/labels,image_000091.txt
/Users/odysseas/Desktop/THEODORE-Andreas/images,image_000092.png,/Users/odysseas/Desktop/THEODORE-Andreas/labels,image_000092.txt
/Users/odysseas/Desktop/THEODORE-Andreas/images,image_000093.png,/Users/odysseas/Desktop/THEODORE-Andreas/labels,image_000093.txt
/Users/odysseas/Desktop/THEODORE-Andreas/images,image_000094.png,/Users/odysseas/Desktop/THEODORE-Andreas/labels,image_000094.txt
/Users/odysseas/Desktop/THEODORE-Andreas/images,image_000095.png,/Users/odysseas/Desktop/THEODORE-Andreas/labels,image_000095.txt
/Users/odysseas/Desktop/THEODORE-Andreas/images,image_000096.png,/Users/odysseas/Desktop/THEODORE-Andreas/labels,image_000096.txt
/Users/odysseas/Desktop/THEODORE-Andreas/images,image_000097.png,/Users/odysseas/Desktop/THEODORE-Andreas/labels,image_000097.txt
/Users/odysseas/Desktop/THEODORE-Andreas/images,image_000098.png,/Users/odysseas/Desktop/THEODORE-Andreas/labels,image_000098.txt
/Users/odysseas/Desktop/THEODORE-Andreas/images,image_000099.png,/Users/odysseas/Desktop/THEODORE-Andreas/labels,image_000099.txt
/Users/odysseas/Desktop/THEODORE-Andreas/images,image_000100.png,/Users/odysseas/Desktop/THEODORE-Andreas/labels,image_000100.txt
